USE rappi_database;
/*
INSERT INTO ciudades(idCiudades, nombreCiudades) VALUES ('CT', 'Cartagena');
INSERT INTO ciudades(idCiudades, nombreCiudades) VALUES ('BQ', 'Barranquilla');
INSERT INTO ciudades(idCiudades, nombreCiudades) VALUES ('BC', 'Bucaramanga');
INSERT INTO ciudades(idCiudades, nombreCiudades) VALUES ('BT', 'Bogota');
INSERT INTO ciudades(idCiudades, nombreCiudades) VALUES ('VP', 'Valledupar');
INSERT INTO ciudades(idCiudades, nombreCiudades) VALUES ('MD', 'Medellin');

INSERT INTO tipocuenta(idTipoCuenta, TipoCuenta) VALUES ('C000', 'Ahorro');
INSERT INTO tipocuenta(idTipoCuenta, TipoCuenta) VALUES ('C001', 'Corriente');
INSERT INTO tipocuenta(idTipoCuenta, TipoCuenta) VALUES ('C002', 'Credito');

INSERT INTO tipotarjeta(idTipoTarjeta, TipoTarjeta) VALUES ('T001', 'Credito');
INSERT INTO tipotarjeta(idTipoTarjeta, TipoTarjeta) VALUES ('T002', 'Debito');

INSERT INTO dominio(idDominio, Dominio) VALUES ('D001',	'Visa');
INSERT INTO dominio(idDominio, Dominio) VALUES ('D002',	'MasterCard');
INSERT INTO dominio(idDominio, Dominio) VALUES ('D003', 'Maestro');

INSERT INTO tarjeta(numeroTarjeta, fechaVencimiento, CVC, idTipoCuenta, idTipoTarjeta, idCuenta, idDominio, idCliente) VALUES (4241140010100010, '1/02/2021', 764, 'C000', 'T002', 96372876233, 'D001', 74647651);
INSERT INTO tarjeta(numeroTarjeta, fechaVencimiento, CVC, idTipoCuenta, idTipoTarjeta, idCuenta, idDominio, idCliente) VALUES (4241140010100020, '1/03/2021', 279, 'C000', 'T002', 99021836286, 'D001', 27933249);
INSERT INTO tarjeta(numeroTarjeta, fechaVencimiento, CVC, idTipoCuenta, idTipoTarjeta, idCuenta, idDominio, idCliente) VALUES (4241140010100030, '1/04/2021', 667, 'C000', 'T002', 97779092881, 'D001', 69263037);
INSERT INTO tarjeta(numeroTarjeta, fechaVencimiento, CVC, idTipoCuenta, idTipoTarjeta, idCuenta, idDominio, idCliente) VALUES (4241140010100040, '1/05/2021', 575, 'C002', 'T001', 98538758807, 'D001', 54460765);
INSERT INTO tarjeta(numeroTarjeta, fechaVencimiento, CVC, idTipoCuenta, idTipoTarjeta, idCuenta, idDominio, idCliente) VALUES (4241140010100050, '1/06/2021', 377, 'C002', 'T001', 97910662188, 'D001', 37294957);
INSERT INTO tarjeta(numeroTarjeta, fechaVencimiento, CVC, idTipoCuenta, idTipoTarjeta, idCuenta, idDominio, idCliente) VALUES (4241140010100060, '1/07/2021', 225, 'C002', 'T001', 92848158118, 'D001', 24132225);
INSERT INTO tarjeta(numeroTarjeta, fechaVencimiento, CVC, idTipoCuenta, idTipoTarjeta, idCuenta, idDominio, idCliente) VALUES (4241140010100070, '1/08/2021', 588, 'C002', 'T001', 95207258975, 'D001', 58316888);
INSERT INTO tarjeta(numeroTarjeta, fechaVencimiento, CVC, idTipoCuenta, idTipoTarjeta, idCuenta, idDominio, idCliente) VALUES (4241140010100080, '1/09/2021', 278, 'C002', 'T001', 97850125137, 'D001', 27826527);
INSERT INTO tarjeta(numeroTarjeta, fechaVencimiento, CVC, idTipoCuenta, idTipoTarjeta, idCuenta, idDominio, idCliente) VALUES (4241140010100090, '1/10/2021', 323, 'C000', 'T002', 95752628334, 'D001', 39105823);
INSERT INTO tarjeta(numeroTarjeta, fechaVencimiento, CVC, idTipoCuenta, idTipoTarjeta, idCuenta, idDominio, idCliente) VALUES (4241140010100100, '1/11/2021', 409, 'C000', 'T002', 97103446801, 'D001', 45753309);
INSERT INTO tarjeta(numeroTarjeta, fechaVencimiento, CVC, idTipoCuenta, idTipoTarjeta, idCuenta, idDominio, idCliente) VALUES (4241140010100110, '1/12/2021', 621, 'C000', 'T002', 97329791400, 'D001', 62029971);
INSERT INTO tarjeta(numeroTarjeta, fechaVencimiento, CVC, idTipoCuenta, idTipoTarjeta, idCuenta, idDominio, idCliente) VALUES (4241140010100120, '1/01/2022', 584, 'C000', 'T002', 96376880275, 'D001', 58397924);
INSERT INTO tarjeta(numeroTarjeta, fechaVencimiento, CVC, idTipoCuenta, idTipoTarjeta, idCuenta, idDominio, idCliente) VALUES (4241140010100130, '1/02/2022', 290, 'C000', 'T002', 96787900351, 'D001', 29203630);
INSERT INTO tarjeta(numeroTarjeta, fechaVencimiento, CVC, idTipoCuenta, idTipoTarjeta, idCuenta, idDominio, idCliente) VALUES (4241140010100140, '1/03/2022', 777, 'C000', 'T002', 95279358501, 'D001', 77621217);
INSERT INTO tarjeta(numeroTarjeta, fechaVencimiento, CVC, idTipoCuenta, idTipoTarjeta, idCuenta, idDominio, idCliente) VALUES (4241140010100150, '1/04/2022', 700, 'C001', 'T002', 93580612811, 'D001', 71070300);
INSERT INTO tarjeta(numeroTarjeta, fechaVencimiento, CVC, idTipoCuenta, idTipoTarjeta, idCuenta, idDominio, idCliente) VALUES (4241140010100160, '1/05/2022', 752, 'C001', 'T002', 93851632480, 'D001', 75795452);
INSERT INTO tarjeta(numeroTarjeta, fechaVencimiento, CVC, idTipoCuenta, idTipoTarjeta, idCuenta, idDominio, idCliente) VALUES (5418482345000010, '1/05/2021', 992, 'C001', 'T002', 95067727507, 'D002', 79696292);
INSERT INTO tarjeta(numeroTarjeta, fechaVencimiento, CVC, idTipoCuenta, idTipoTarjeta, idCuenta, idDominio, idCliente) VALUES (5418482345000020, '1/06/2021', 628, 'C001', 'T002', 95805823122, 'D002', 62231866);
INSERT INTO tarjeta(numeroTarjeta, fechaVencimiento, CVC, idTipoCuenta, idTipoTarjeta, idCuenta, idDominio, idCliente) VALUES (5418482345000030, '1/07/2021', 750, 'C001', 'T002', 97084410469, 'D002', 79555780);
INSERT INTO tarjeta(numeroTarjeta, fechaVencimiento, CVC, idTipoCuenta, idTipoTarjeta, idCuenta, idDominio, idCliente) VALUES (5418482345000040, '1/08/2021', 314, 'C001', 'T002', 99465946158, 'D002', 67453414);
INSERT INTO tarjeta(numeroTarjeta, fechaVencimiento, CVC, idTipoCuenta, idTipoTarjeta, idCuenta, idDominio, idCliente) VALUES (5418482345000050, '1/09/2021', 209, 'C001', 'T002', 96750339292, 'D002', 23910989);
INSERT INTO tarjeta(numeroTarjeta, fechaVencimiento, CVC, idTipoCuenta, idTipoTarjeta, idCuenta, idDominio, idCliente) VALUES (5418482345000060, '1/10/2021', 516, 'C001', 'T002', 93790515801, 'D002', 47588516);
INSERT INTO tarjeta(numeroTarjeta, fechaVencimiento, CVC, idTipoCuenta, idTipoTarjeta, idCuenta, idDominio, idCliente) VALUES (5418482345000070, '1/11/2021', 154, 'C001', 'T002', 98588102285, 'D002', 84627154);
INSERT INTO tarjeta(numeroTarjeta, fechaVencimiento, CVC, idTipoCuenta, idTipoTarjeta, idCuenta, idDominio, idCliente) VALUES (5418482345000080, '1/12/2021', 770, 'C001', 'T002', 94800456951, 'D002', 74299709);
INSERT INTO tarjeta(numeroTarjeta, fechaVencimiento, CVC, idTipoCuenta, idTipoTarjeta, idCuenta, idDominio, idCliente) VALUES (5418482345000090, '1/01/2022', 558, 'C001', 'T002', 93616573787, 'D002', 54526358);
INSERT INTO tarjeta(numeroTarjeta, fechaVencimiento, CVC, idTipoCuenta, idTipoTarjeta, idCuenta, idDominio, idCliente) VALUES (5418482345000100, '1/02/2022', 707, 'C001', 'T002', 93840317538, 'D002', 75268707);
INSERT INTO tarjeta(numeroTarjeta, fechaVencimiento, CVC, idTipoCuenta, idTipoTarjeta, idCuenta, idDominio, idCliente) VALUES (5418482345000110, '1/03/2022', 877, 'C001', 'T002', 97570728704, 'D002', 85361877);
INSERT INTO tarjeta(numeroTarjeta, fechaVencimiento, CVC, idTipoCuenta, idTipoTarjeta, idCuenta, idDominio, idCliente) VALUES (5418482345000120, '1/04/2022', 819, 'C000', 'T002', 99097204209, 'D002', 87856219);
INSERT INTO tarjeta(numeroTarjeta, fechaVencimiento, CVC, idTipoCuenta, idTipoTarjeta, idCuenta, idDominio, idCliente) VALUES (5418482345000130, '1/05/2022', 338, 'C000', 'T002', 97566126963, 'D002', 32163798);
INSERT INTO tarjeta(numeroTarjeta, fechaVencimiento, CVC, idTipoCuenta, idTipoTarjeta, idCuenta, idDominio, idCliente) VALUES (5418482345000140, '1/05/2021', 632, 'C000', 'T002', 99468518753, 'D002', 66202332);
INSERT INTO tarjeta(numeroTarjeta, fechaVencimiento, CVC, idTipoCuenta, idTipoTarjeta, idCuenta, idDominio, idCliente) VALUES (5418482345000150, '1/06/2021', 527, 'C000', 'T002', 96939772695, 'D002', 58572627);
INSERT INTO tarjeta(numeroTarjeta, fechaVencimiento, CVC, idTipoCuenta, idTipoTarjeta, idCuenta, idDominio, idCliente) VALUES (5418482345000160, '1/07/2021', 188, 'C002', 'T001', 97293402266, 'D002', 63317188);
INSERT INTO tarjeta(numeroTarjeta, fechaVencimiento, CVC, idTipoCuenta, idTipoTarjeta, idCuenta, idDominio, idCliente) VALUES (4567912312340010, '1/08/2021', 356, 'C002', 'T001', 99886609550, 'D003', 35747196);
INSERT INTO tarjeta(numeroTarjeta, fechaVencimiento, CVC, idTipoCuenta, idTipoTarjeta, idCuenta, idDominio, idCliente) VALUES (4567912312340020, '1/09/2021', 302, 'C002', 'T001', 96566651220, 'D003', 35073192);
INSERT INTO tarjeta(numeroTarjeta, fechaVencimiento, CVC, idTipoCuenta, idTipoTarjeta, idCuenta, idDominio, idCliente) VALUES (4567912312340030, '1/06/2021', 243, 'C002', 'T001', 96411470371, 'D003', 82947893);
INSERT INTO tarjeta(numeroTarjeta, fechaVencimiento, CVC, idTipoCuenta, idTipoTarjeta, idCuenta, idDominio, idCliente) VALUES (4567912312340040, '1/07/2021', 469, 'C000', 'T002', 94376356580, 'D003', 47186069);
INSERT INTO tarjeta(numeroTarjeta, fechaVencimiento, CVC, idTipoCuenta, idTipoTarjeta, idCuenta, idDominio, idCliente) VALUES (4567912312340050, '1/08/2021', 683, 'C000', 'T002', 95575849964, 'D003', 68051853);
INSERT INTO tarjeta(numeroTarjeta, fechaVencimiento, CVC, idTipoCuenta, idTipoTarjeta, idCuenta, idDominio, idCliente) VALUES (4567912312340060, '1/09/2021', 160, 'C000', 'T002', 97667165388, 'D003', 77160775);
INSERT INTO tarjeta(numeroTarjeta, fechaVencimiento, CVC, idTipoCuenta, idTipoTarjeta, idCuenta, idDominio, idCliente) VALUES (4567912312340070, '1/10/2021', 472, 'C000', 'T002', 94442676093, 'D003', 46547272);
INSERT INTO tarjeta(numeroTarjeta, fechaVencimiento, CVC, idTipoCuenta, idTipoTarjeta, idCuenta, idDominio, idCliente) VALUES (4567912312340080, '1/11/2021', 990, 'C000', 'T002', 99518766487, 'D003', 79417980);
INSERT INTO tarjeta(numeroTarjeta, fechaVencimiento, CVC, idTipoCuenta, idTipoTarjeta, idCuenta, idDominio, idCliente) VALUES (4567912312340090, '1/12/2021', 809, 'C000', 'T002', 92720241451, 'D003', 87767009);
INSERT INTO tarjeta(numeroTarjeta, fechaVencimiento, CVC, idTipoCuenta, idTipoTarjeta, idCuenta, idDominio, idCliente) VALUES (4567912312340100, '1/01/2022', 646, 'C001', 'T002', 96830143883, 'D003', 64696256);
INSERT INTO tarjeta(numeroTarjeta, fechaVencimiento, CVC, idTipoCuenta, idTipoTarjeta, idCuenta, idDominio, idCliente) VALUES (4567912312340110, '1/02/2022', 819, 'C001', 'T002', 95471561117, 'D003', 81965805);
INSERT INTO tarjeta(numeroTarjeta, fechaVencimiento, CVC, idTipoCuenta, idTipoTarjeta, idCuenta, idDominio, idCliente) VALUES (4567912312340120, '1/03/2022', 644, 'C001', 'T002', 96598321936, 'D003', 64231764);
INSERT INTO tarjeta(numeroTarjeta, fechaVencimiento, CVC, idTipoCuenta, idTipoTarjeta, idCuenta, idDominio, idCliente) VALUES (4567912312340130, '1/04/2022', 610, 'C001', 'T002', 95549838904, 'D003', 60111250);
INSERT INTO tarjeta(numeroTarjeta, fechaVencimiento, CVC, idTipoCuenta, idTipoTarjeta, idCuenta, idDominio, idCliente) VALUES (4567912312340140, '1/05/2022', 552, 'C001', 'T002', 94079992367, 'D003', 55170472);
INSERT INTO tarjeta(numeroTarjeta, fechaVencimiento, CVC, idTipoCuenta, idTipoTarjeta, idCuenta, idDominio, idCliente) VALUES (4567912312340150, '1/05/2021', 900, 'C001', 'T002', 99572463300, 'D003', 90083493);
INSERT INTO tarjeta(numeroTarjeta, fechaVencimiento, CVC, idTipoCuenta, idTipoTarjeta, idCuenta, idDominio, idCliente) VALUES (4567912312340160, '1/06/2021', 749, 'C001', 'T002', 92553350105, 'D003', 74447719);
INSERT INTO tarjeta(numeroTarjeta, fechaVencimiento, CVC, idTipoCuenta, idTipoTarjeta, idCuenta, idDominio, idCliente) VALUES (4567912312340170, '1/07/2021', 573, 'C001', 'T002', 95882195566, 'D003', 57387183);
INSERT INTO tarjeta(numeroTarjeta, fechaVencimiento, CVC, idTipoCuenta, idTipoTarjeta, idCuenta, idDominio, idCliente) VALUES (4567912312340180, '1/08/2021', 653, 'C001', 'T002', 99258683023, 'D003', 65878713);

INSERT INTO cuenta(idCuenta, idCliente, Saldo) VALUES (96372876233,74647651,700000);
INSERT INTO cuenta(idCuenta, idCliente, Saldo) VALUES (99021836286,27933249,500000);
INSERT INTO cuenta(idCuenta, idCliente, Saldo) VALUES (97779092881,69263037,100000);
INSERT INTO cuenta(idCuenta, idCliente, Saldo) VALUES (98538758807,54460765,900000);
INSERT INTO cuenta(idCuenta, idCliente, Saldo) VALUES (97910662188,37294957,100000);
INSERT INTO cuenta(idCuenta, idCliente, Saldo) VALUES (92848158118,24132225,300000);
INSERT INTO cuenta(idCuenta, idCliente, Saldo) VALUES (95207258975,58316888,600000);
INSERT INTO cuenta(idCuenta, idCliente, Saldo) VALUES (97850125137,27826527,600000);
INSERT INTO cuenta(idCuenta, idCliente, Saldo) VALUES (95752628334,39105823,450000);
INSERT INTO cuenta(idCuenta, idCliente, Saldo) VALUES (97103446801,45753309,490000);
INSERT INTO cuenta(idCuenta, idCliente, Saldo) VALUES (97329791400,62029971,390000);
INSERT INTO cuenta(idCuenta, idCliente, Saldo) VALUES (96376880275,58397924,960000);
INSERT INTO cuenta(idCuenta, idCliente, Saldo) VALUES (96787900351,29203630,120000);
INSERT INTO cuenta(idCuenta, idCliente, Saldo) VALUES (95279358501,77621217,980000);
INSERT INTO cuenta(idCuenta, idCliente, Saldo) VALUES (93580612811,71070300,780000);
INSERT INTO cuenta(idCuenta, idCliente, Saldo) VALUES (93851632480,75795452,320000);
INSERT INTO cuenta(idCuenta, idCliente, Saldo) VALUES (95067727507,79696292,900000);
INSERT INTO cuenta(idCuenta, idCliente, Saldo) VALUES (95805823122,62231866,100000);
INSERT INTO cuenta(idCuenta, idCliente, Saldo) VALUES (97084410469,79555780,300000);
INSERT INTO cuenta(idCuenta, idCliente, Saldo) VALUES (99465946158,67453414,600000);
INSERT INTO cuenta(idCuenta, idCliente, Saldo) VALUES (96750339292,23910989,600000);
INSERT INTO cuenta(idCuenta, idCliente, Saldo) VALUES (93790515801,47588516,450000);
INSERT INTO cuenta(idCuenta, idCliente, Saldo) VALUES (98588102285,84627154,490000);
INSERT INTO cuenta(idCuenta, idCliente, Saldo) VALUES (94800456951,74299709,390000);
INSERT INTO cuenta(idCuenta, idCliente, Saldo) VALUES (93616573787,54526358,960000);
INSERT INTO cuenta(idCuenta, idCliente, Saldo) VALUES (93840317538,75268707,600000);
INSERT INTO cuenta(idCuenta, idCliente, Saldo) VALUES (97570728704,85361877,600000);
INSERT INTO cuenta(idCuenta, idCliente, Saldo) VALUES (99097204209,87856219,450000);
INSERT INTO cuenta(idCuenta, idCliente, Saldo) VALUES (97566126963,32163798,490000);
INSERT INTO cuenta(idCuenta, idCliente, Saldo) VALUES (99468518753,66202332,390000);
INSERT INTO cuenta(idCuenta, idCliente, Saldo) VALUES (96939772695,58572627,960000);
INSERT INTO cuenta(idCuenta, idCliente, Saldo) VALUES (97293402266,63317188,120000);
INSERT INTO cuenta(idCuenta, idCliente, Saldo) VALUES (99886609550,35747196,980000);
INSERT INTO cuenta(idCuenta, idCliente, Saldo) VALUES (96566651220,35073192,780000);
INSERT INTO cuenta(idCuenta, idCliente, Saldo) VALUES (96411470371,82947893,320000);
INSERT INTO cuenta(idCuenta, idCliente, Saldo) VALUES (94376356580,47186069,900000);
INSERT INTO cuenta(idCuenta, idCliente, Saldo) VALUES (95575849964,68051853,100000);
INSERT INTO cuenta(idCuenta, idCliente, Saldo) VALUES (97667165388,77160775,300000);
INSERT INTO cuenta(idCuenta, idCliente, Saldo) VALUES (94442676093,46547272,600000);
INSERT INTO cuenta(idCuenta, idCliente, Saldo) VALUES (99518766487,79417980,600000);
INSERT INTO cuenta(idCuenta, idCliente, Saldo) VALUES (92720241451,87767009,450000);
INSERT INTO cuenta(idCuenta, idCliente, Saldo) VALUES (96830143883,64696256,490000);
INSERT INTO cuenta(idCuenta, idCliente, Saldo) VALUES (95471561117,81965805,960000);
INSERT INTO cuenta(idCuenta, idCliente, Saldo) VALUES (96598321936,64231764,120000);
INSERT INTO cuenta(idCuenta, idCliente, Saldo) VALUES (95549838904,60111250,980000);
INSERT INTO cuenta(idCuenta, idCliente, Saldo) VALUES (94079992367,55170472,780000);
INSERT INTO cuenta(idCuenta, idCliente, Saldo) VALUES (99572463300,90083493,320000);
INSERT INTO cuenta(idCuenta, idCliente, Saldo) VALUES (92553350105,74447719,900000);
INSERT INTO cuenta(idCuenta, idCliente, Saldo) VALUES (95882195566,57387183,100000);
INSERT INTO cuenta(idCuenta, idCliente, Saldo) VALUES (99258683023,65878713,300000);

INSERT INTO cliente(idCliente, nombresCliente, apellidosCliente, idDireccion, celularCliente, Email) VALUES (74647651,'Luciana','Sánchez','DC01',3116362602,'diegaarroyaveg@gmail.com');
INSERT INTO cliente(idCliente, nombresCliente, apellidosCliente, idDireccion, celularCliente, Email) VALUES (27933249,'Salomé','Díaz','DC02',3115444075,'pgbarinas@euphoria-net.com');
INSERT INTO cliente(idCliente, nombresCliente, apellidosCliente, idDireccion, celularCliente, Email) VALUES (69263037,'Isabella','Ramírez','DC03',3119250505,'Omarjose757522@gmail.com');
INSERT INTO cliente(idCliente, nombresCliente, apellidosCliente, idDireccion, celularCliente, Email) VALUES (54460765,'Mariana','Torres','DC04',3119659123,'hamayapia@hotmail.com');
INSERT INTO cliente(idCliente, nombresCliente, apellidosCliente, idDireccion, celularCliente, Email) VALUES (37294957,'Gabriela','Muñoz','DC05',3115861665,'judilemo@gmail.com');
INSERT INTO cliente(idCliente, nombresCliente, apellidosCliente, idDireccion, celularCliente, Email) VALUES (24132225,'Mariangel','Rojas','DC06',3116958777,'clamiloq@hotmail.com');
INSERT INTO cliente(idCliente, nombresCliente, apellidosCliente, idDireccion, celularCliente, Email) VALUES (58316888,'Juan Pablo','Jiménez','DC07',3117127492,'dayannareinel@gmail.com');
INSERT INTO cliente(idCliente, nombresCliente, apellidosCliente, idDireccion, celularCliente, Email) VALUES (27826527,'Andrés Felipe','Moreno','DC08',3115807982,'franjazago1620@hotmail.com');
INSERT INTO cliente(idCliente, nombresCliente, apellidosCliente, idDireccion, celularCliente, Email) VALUES (39105823,'Juan Esteban','Ortíz','DC09',3115616280,'gbarinasp@euphoria-net.com');
INSERT INTO cliente(idCliente, nombresCliente, apellidosCliente, idDireccion, celularCliente, Email) VALUES (45753309,'Juan Diego','Vargas','DC10',3116656227,'jamagu47@yahoo.es');
INSERT INTO cliente(idCliente, nombresCliente, apellidosCliente, idDireccion, celularCliente, Email) VALUES (62029971,'Angel David','López','DC11',3119813620,'maria_isleny_r@hotmail.com');
INSERT INTO cliente(idCliente, nombresCliente, apellidosCliente, idDireccion, celularCliente, Email) VALUES (58397924,'María José','Gómez','DC12',3118020739,'gnavar56@hotmail.com');
INSERT INTO cliente(idCliente, nombresCliente, apellidosCliente, idDireccion, celularCliente, Email) VALUES (29203630,'Dulce María','Gómez','DC13',3119256356,'radioservicio@gmail.com');
INSERT INTO cliente(idCliente, nombresCliente, apellidosCliente, idDireccion, celularCliente, Email) VALUES (77621217,'Sara Sofía','Hernández','DC14',3119442340,'andresmora20@gmail.com');
INSERT INTO cliente(idCliente, nombresCliente, apellidosCliente, idDireccion, celularCliente, Email) VALUES (71070300,'Luisa Fernanda','González','DC15',3118942366,'juankaossa@hotmail.com');
INSERT INTO cliente(idCliente, nombresCliente, apellidosCliente, idDireccion, celularCliente, Email) VALUES (75795452,'Sara Valentina','García','DC16',3105951123,'adrianmorales869@hotmail.com');
INSERT INTO cliente(idCliente, nombresCliente, apellidosCliente, idDireccion, celularCliente, Email) VALUES (79696292,'María Fernanda','López','DC17',3109974205,'yuyi_224@hotmail.com');
INSERT INTO cliente(idCliente, nombresCliente, apellidosCliente, idDireccion, celularCliente, Email) VALUES (62231866,'Juan José','Gómez','DC18',3107291597,'yuyi_224@hotmail.com');
INSERT INTO cliente(idCliente, nombresCliente, apellidosCliente, idDireccion, celularCliente, Email) VALUES (79555780,'Miguel Angel','Hernández','DC19',3109178279,'luisangeliz_1720@hotmail.com');
INSERT INTO cliente(idCliente, nombresCliente, apellidosCliente, idDireccion, celularCliente, Email) VALUES (67453414,'Juan Sebastián','Pérez','DC20',3105957609,'taticas0505@hotmail.com');
INSERT INTO cliente(idCliente, nombresCliente, apellidosCliente, idDireccion, celularCliente, Email) VALUES (23910989,'Juan David','Sánchez','DC21',3106118629,'gallego610@gmail.com');
INSERT INTO cliente(idCliente, nombresCliente, apellidosCliente, idDireccion, celularCliente, Email) VALUES (47588516,'Samuel David','Díaz','DC22',3109499279,'dianavarh@yahoo.es');
INSERT INTO cliente(idCliente, nombresCliente, apellidosCliente, idDireccion, celularCliente, Email) VALUES (84627154,'Juan Pablo','Ramírez','DC23',3108389963,'dialci186@yahoo.es');
INSERT INTO cliente(idCliente, nombresCliente, apellidosCliente, idDireccion, celularCliente, Email) VALUES (74299709,'Andrés Felipe','Torres','DC24',3109988472,'joliemun28@hotmail.com');
INSERT INTO cliente(idCliente, nombresCliente, apellidosCliente, idDireccion, celularCliente, Email) VALUES (54526358,'Juan Esteban','Muñoz','DC25',3106946895,'davidsbernalnavarro@gmail.com');
INSERT INTO cliente(idCliente, nombresCliente, apellidosCliente, idDireccion, celularCliente, Email) VALUES (75268707,'Juan Diego','Rojas','DC26',3107292677,'yesilver@misena.edu.co');
INSERT INTO cliente(idCliente, nombresCliente, apellidosCliente, idDireccion, celularCliente, Email) VALUES (85361877,'Angel David','Jiménez','DC27',3108535807,'danielacadenatroncoso@hotmail.com');
INSERT INTO cliente(idCliente, nombresCliente, apellidosCliente, idDireccion, celularCliente, Email) VALUES (87856219,'María José','Moreno','DC28',3106907269,'sandrasandoval_7@hotmail.com');
INSERT INTO cliente(idCliente, nombresCliente, apellidosCliente, idDireccion, celularCliente, Email) VALUES (32163798,'Dulce María','Ortíz','DC29',3109525444,'edisn170@gmail.com');
INSERT INTO cliente(idCliente, nombresCliente, apellidosCliente, idDireccion, celularCliente, Email) VALUES (66202332,'Sara Sofía','Vargas','DC30',3108546712,'yoambeto@gmail.com');
INSERT INTO cliente(idCliente, nombresCliente, apellidosCliente, idDireccion, celularCliente, Email) VALUES (58572627,'Luisa Fernanda','Gutiérrez','DC31',3108970944,'ncarrasco@phamayect.com');
INSERT INTO cliente(idCliente, nombresCliente, apellidosCliente, idDireccion, celularCliente, Email) VALUES (63317188,'Sara Valentina','Castro','DC32',3006045000,'krlos.arthur@gmail.com');
INSERT INTO cliente(idCliente, nombresCliente, apellidosCliente, idDireccion, celularCliente, Email) VALUES (35747196,'María Fernanda','Martínez','DC33',3006751984,'malcadelatorre@hotmail.com');
INSERT INTO cliente(idCliente, nombresCliente, apellidosCliente, idDireccion, celularCliente, Email) VALUES (35073192,'Ana Sofía','González','DC34',3007004301,'suilem.espinosa@live.com');
INSERT INTO cliente(idCliente, nombresCliente, apellidosCliente, idDireccion, celularCliente, Email) VALUES (82947893,'Ana Lucía','García','DC35',3006024242,'andresgonz17@hotmail.com');
INSERT INTO cliente(idCliente, nombresCliente, apellidosCliente, idDireccion, celularCliente, Email) VALUES (47186069,'María Camila','López','DC36',3008670226,'yaznair62@hotmail.com');
INSERT INTO cliente(idCliente, nombresCliente, apellidosCliente, idDireccion, celularCliente, Email) VALUES (68051853,'María Alejandra','Gómez','DC37',3005990699,'claritahenao28@hotmail.com');
INSERT INTO cliente(idCliente, nombresCliente, apellidosCliente, idDireccion, celularCliente, Email) VALUES (77160775,'Angel David','Gómez','DC38',3007874908,'jecheverri11@hotmail.com');
INSERT INTO cliente(idCliente, nombresCliente, apellidosCliente, idDireccion, celularCliente, Email) VALUES (46547272,'María José','Hernández','DC39',3009338206,'rolete7@gmail.com');
INSERT INTO cliente(idCliente, nombresCliente, apellidosCliente, idDireccion, celularCliente, Email) VALUES (79417980,'Dulce María','Pérez','DC40',3009447646,'nanacastro1979@hotmail.com');
INSERT INTO cliente(idCliente, nombresCliente, apellidosCliente, idDireccion, celularCliente, Email) VALUES (87767009,'Sara Sofía','Sánchez','DC41',3006148930,'nameca0103@hotmail.es');
INSERT INTO cliente(idCliente, nombresCliente, apellidosCliente, idDireccion, celularCliente, Email) VALUES (64696256,'Luisa Fernanda','Díaz','DC42',3005971678,'raulcadena05@hotmail.com');
INSERT INTO cliente(idCliente, nombresCliente, apellidosCliente, idDireccion, celularCliente, Email) VALUES (81965805,'Sara Valentina','Ramírez','DC43',3008391729,'vhn1959@gmail.com');
INSERT INTO cliente(idCliente, nombresCliente, apellidosCliente, idDireccion, celularCliente, Email) VALUES (64231764,'María Fernanda','Torres','DC44',3007131248,'ALVAROGALVEZA@GMAIL.COM');
INSERT INTO cliente(idCliente, nombresCliente, apellidosCliente, idDireccion, celularCliente, Email) VALUES (60111250,'Juan José','Muñoz','DC45',3008062236,'jimmy.velez.munoz@hotmail.com');
INSERT INTO cliente(idCliente, nombresCliente, apellidosCliente, idDireccion, celularCliente, Email) VALUES (55170472,'Miguel Angel','Rojas','DC46',3005414340,'sergio4327@hotmail.com');
INSERT INTO cliente(idCliente, nombresCliente, apellidosCliente, idDireccion, celularCliente, Email) VALUES (90083493,'Juan Sebastián','Hernández','DC47',3009236249,'sigfridocharris@hotmail.com');
INSERT INTO cliente(idCliente, nombresCliente, apellidosCliente, idDireccion, celularCliente, Email) VALUES (74447719,'Antonella','Pérez','DC48',3009351435,'induscadena@gmail.com');
INSERT INTO cliente(idCliente, nombresCliente, apellidosCliente, idDireccion, celularCliente, Email) VALUES (57387183,'Samantha','Sánchez','DC49',3006984661,'idpamo@gmail.com');
INSERT INTO cliente(idCliente, nombresCliente, apellidosCliente, idDireccion, celularCliente, Email) VALUES (65878713,'Valeria','Díaz','DC50',3009099946,'fddd@hotmail.com');

INSERT INTO direccioncliente(idDireccion, Domicilio, idCliente, idCiudad) VALUES ('DC01','CALLE 388 #234',74647651,'CT');
INSERT INTO direccioncliente(idDireccion, Domicilio, idCliente, idCiudad) VALUES ('DC02','CALLE 358 #939',27933249,'CT');
INSERT INTO direccioncliente(idDireccion, Domicilio, idCliente, idCiudad) VALUES ('DC03','CALLE 347 #350',69263037,'BC');
INSERT INTO direccioncliente(idDireccion, Domicilio, idCliente, idCiudad) VALUES ('DC04','CALLE 298 #640',54460765,'CT');
INSERT INTO direccioncliente(idDireccion, Domicilio, idCliente, idCiudad) VALUES ('DC05','CALLE 248 #915',37294957,'BC');
INSERT INTO direccioncliente(idDireccion, Domicilio, idCliente, idCiudad) VALUES ('DC06','CALLE 245 #036',24132225,'BQ');
INSERT INTO direccioncliente(idDireccion, Domicilio, idCliente, idCiudad) VALUES ('DC07','CALLE 239 #633',58316888,'BQ');
INSERT INTO direccioncliente(idDireccion, Domicilio, idCliente, idCiudad) VALUES ('DC08','CALLE 239 #519',27826527,'CT');
INSERT INTO direccioncliente(idDireccion, Domicilio, idCliente, idCiudad) VALUES ('DC09','CALLE 233 #965',39105823,'BT');
INSERT INTO direccioncliente(idDireccion, Domicilio, idCliente, idCiudad) VALUES ('DC10','CALLE 230 #945',45753309,'BC');
INSERT INTO direccioncliente(idDireccion, Domicilio, idCliente, idCiudad) VALUES ('DC11','CALLE 444 #822',62029971,'BQ');
INSERT INTO direccioncliente(idDireccion, Domicilio, idCliente, idCiudad) VALUES ('DC12','CALLE 441 #090',58397924,'CT');
INSERT INTO direccioncliente(idDireccion, Domicilio, idCliente, idCiudad) VALUES ('DC13','CALLE 444 #090',29203630,'BC');
INSERT INTO direccioncliente(idDireccion, Domicilio, idCliente, idCiudad) VALUES ('DC14','CALLE 419 #918',77621217,'BT');
INSERT INTO direccioncliente(idDireccion, Domicilio, idCliente, idCiudad) VALUES ('DC15','CALLE 481 #042',71070300,'BQ');
INSERT INTO direccioncliente(idDireccion, Domicilio, idCliente, idCiudad) VALUES ('DC16','CALLE 456 #199',75795452,'CT');
INSERT INTO direccioncliente(idDireccion, Domicilio, idCliente, idCiudad) VALUES ('DC17','CALLE 444 #822',79696292,'BT');
INSERT INTO direccioncliente(idDireccion, Domicilio, idCliente, idCiudad) VALUES ('DC18','CALLE 444 #090',62231866,'VP');
INSERT INTO direccioncliente(idDireccion, Domicilio, idCliente, idCiudad) VALUES ('DC19','CALLE 419 #918',79555780,'BC');
INSERT INTO direccioncliente(idDireccion, Domicilio, idCliente, idCiudad) VALUES ('DC20','CALLE 411 #567',67453414,'BQ');
INSERT INTO direccioncliente(idDireccion, Domicilio, idCliente, idCiudad) VALUES ('DC21','CALLE 388 #627',23910989,'BT');
INSERT INTO direccioncliente(idDireccion, Domicilio, idCliente, idCiudad) VALUES ('DC22','CALLE 358 #939',47588516,'CT');
INSERT INTO direccioncliente(idDireccion, Domicilio, idCliente, idCiudad) VALUES ('DC23','CALLE 347 #350',84627154,'VP');
INSERT INTO direccioncliente(idDireccion, Domicilio, idCliente, idCiudad) VALUES ('DC24','CALLE 298 #640',74299709,'BQ');
INSERT INTO direccioncliente(idDireccion, Domicilio, idCliente, idCiudad) VALUES ('DC25','CALLE 248 #915',54526358,'BQ');
INSERT INTO direccioncliente(idDireccion, Domicilio, idCliente, idCiudad) VALUES ('DC26','CALLE 245 #036',75268707,'BT');
INSERT INTO direccioncliente(idDireccion, Domicilio, idCliente, idCiudad) VALUES ('DC27','CALLE 239 #633',85361877,'BT');
INSERT INTO direccioncliente(idDireccion, Domicilio, idCliente, idCiudad) VALUES ('DC28','CALLE 239 #519',87856219,'BC');
INSERT INTO direccioncliente(idDireccion, Domicilio, idCliente, idCiudad) VALUES ('DC29','CALLE 233 #965',32163798,'BQ');
INSERT INTO direccioncliente(idDireccion, Domicilio, idCliente, idCiudad) VALUES ('DC30','CALLE 230 #945',66202332,'CT');
INSERT INTO direccioncliente(idDireccion, Domicilio, idCliente, idCiudad) VALUES ('DC31','CALLE 218 #169',58572627,'BT');
INSERT INTO direccioncliente(idDireccion, Domicilio, idCliente, idCiudad) VALUES ('DC32','CALLE 216 #873',63317188,'CT');
INSERT INTO direccioncliente(idDireccion, Domicilio, idCliente, idCiudad) VALUES ('DC33','CALLE 516 #480',35747196,'BC');
INSERT INTO direccioncliente(idDireccion, Domicilio, idCliente, idCiudad) VALUES ('DC34','CALLE 481 #042',35073192,'BQ');
INSERT INTO direccioncliente(idDireccion, Domicilio, idCliente, idCiudad) VALUES ('DC35','CALLE 456 #199',82947893,'BC');
INSERT INTO direccioncliente(idDireccion, Domicilio, idCliente, idCiudad) VALUES ('DC36','CALLE 444 #822',47186069,'BT');
INSERT INTO direccioncliente(idDireccion, Domicilio, idCliente, idCiudad) VALUES ('DC37','CALLE 434 #090',68051853,'BQ');
INSERT INTO direccioncliente(idDireccion, Domicilio, idCliente, idCiudad) VALUES ('DC38','CALLE 444 #090',77160775,'BC');
INSERT INTO direccioncliente(idDireccion, Domicilio, idCliente, idCiudad) VALUES ('DC39','CALLE 419 #918',46547272,'BQ');
INSERT INTO direccioncliente(idDireccion, Domicilio, idCliente, idCiudad) VALUES ('DC40','CALLE 411 #567',79417980,'BC');
INSERT INTO direccioncliente(idDireccion, Domicilio, idCliente, idCiudad) VALUES ('DC41','CALLE 388 #627',87767009,'MD');
INSERT INTO direccioncliente(idDireccion, Domicilio, idCliente, idCiudad) VALUES ('DC42','CALLE 358 #939',64696256,'BC');
INSERT INTO direccioncliente(idDireccion, Domicilio, idCliente, idCiudad) VALUES ('DC43','CALLE 347 #350',81965805,'MD');
INSERT INTO direccioncliente(idDireccion, Domicilio, idCliente, idCiudad) VALUES ('DC44','CALLE 298 #640',64231764,'BC');
INSERT INTO direccioncliente(idDireccion, Domicilio, idCliente, idCiudad) VALUES ('DC45','CALLE 248 #915',60111250,'MD');
INSERT INTO direccioncliente(idDireccion, Domicilio, idCliente, idCiudad) VALUES ('DC46','CALLE 245 #036',55170472,'BQ');
INSERT INTO direccioncliente(idDireccion, Domicilio, idCliente, idCiudad) VALUES ('DC47','CALLE 419 #918',90083493,'MD');
INSERT INTO direccioncliente(idDireccion, Domicilio, idCliente, idCiudad) VALUES ('DC48','CALLE 411 #567',74447719,'BC');
INSERT INTO direccioncliente(idDireccion, Domicilio, idCliente, idCiudad) VALUES ('DC49','CALLE 388 #627',57387183,'MD');
INSERT INTO direccioncliente(idDireccion, Domicilio, idCliente, idCiudad) VALUES ('DC50','CALLE 358 #939',65878713,'MD');
*/









